"","n","nevent","coef","se","hazard_ratio","hr_confint_lower","hr_confint_upper","p_value","p_adjusted"
"Unidentified_M1_contact",77,61,0.3705172,0.138316,1.44848356496065,1.10453311791984,1.89953981815636,0.00738926145695931,0.8064303638618
"Non-leukocyte_derived_neural_cells_M1_contact",77,61,0.2747775,0.1196299,1.31623773769476,1.04113051889882,1.66403899480751,0.0216246962434972,0.8064303638618
"Neuroepithelial_cells_tumor_contact",77,61,0.3134768,0.1380716,1.36817374456092,1.04379322776783,1.79336227282193,0.0231837599551583,0.8064303638618
"CD11b+_epithelial_vascular_contact",77,61,0.2260776,0.1028185,1.25367299704001,1.02486114392191,1.53356968680924,0.0278918840227485,0.8064303638618
"B_cells_M1_contact",77,61,-0.3316733,0.1512027,0.717721754627862,0.533644586052763,0.965295124375468,0.0282665620744474,0.8064303638618
"B_cells_vascular_med_dist",60,49,0.2992238,0.1382703,1.34881141289635,1.02862080055579,1.76867143516486,0.030460604997823,0.8064303638618
"Dendritic_cells_vascular_contact",77,61,0.2500976,0.1188102,1.28415072958329,1.01738330605172,1.6208670679775,0.0352897021656944,0.8064303638618
"Neutrophils_M1_contact",77,61,-0.5599456,0.2718148,0.571240122179593,0.335312344111134,0.973168101081314,0.0393960162435588,0.8064303638618
"CD163+_cells_tumor_med_dist",76,60,0.2304182,0.1133964,1.25912641006063,1.00819863137293,1.57250691200924,0.0421567119217391,0.8064303638618
"CD11c+_epithelial_prop",77,61,-0.2831928,0.1410311,0.753374542706788,0.571432656281876,0.993246002585279,0.0446415307663912,0.8064303638618
"CD8+_T_cells_assort",77,61,0.2713785,0.1374184,1.31177153791525,1.00204546627769,1.71723202748136,0.0482870197752734,0.8064303638618
"Other_immune_M1_contact",77,61,0.2290924,0.1225474,1.25745820044775,0.988965311143074,1.59884387051524,0.0615645138998076,0.8064303638618
"CD11c+_epithelial_M1_med_dist",70,54,0.2345181,0.1259581,1.26429939539915,0.987720817233625,1.61832466555027,0.0626208161954373,0.8064303638618
"Monocytes_vascular_med_dist",60,49,0.272911,0.1500578,1.31378336961764,0.979026192093287,1.76300364201023,0.0689563135882633,0.8064303638618
"Vascular_endothelial_cells_tumor_med_dist",76,60,0.2047011,0.1140573,1.22715820279925,0.981329331879461,1.53456867717724,0.0726981516444156,0.8064303638618
"CD11b+_epithelial_prop",77,61,0.2363975,0.1318726,1.26667773566525,0.978173756231545,1.64027349518284,0.0730335600175917,0.8064303638618
"NK/NKT_tumor_med_dist",57,47,0.2702983,0.1516457,1.31035524121515,0.973437399498003,1.76388420977608,0.0746786018429527,0.8064303638618
"B_cells_vascular_contact",77,61,-0.3387267,0.1907963,0.712677230471074,0.490328119633253,1.03585500095694,0.0758431527470794,0.8064303638618
"Non-leukocyte_derived_neural_cells_M1_med_dist",33,25,-0.4193343,0.2417224,0.657484382026058,0.409384079260113,1.0559416804617,0.0827804694687682,0.8064303638618
"NK/NKT_M1_med_dist",56,46,0.2879837,0.1669058,1.3337356024186,0.961610573805543,1.84986594949676,0.0844506841359107,0.8064303638618
"Monocytes_assort",77,61,0.2025926,0.1191672,1.22457344197966,0.969503921612935,1.54674992165797,0.0891176530060945,0.8064303638618
"CD11b+_epithelial_vascular_med_dist",57,43,0.2597204,0.1542284,1.2965675555901,0.958331433740385,1.75418166098086,0.0921818245709506,0.8064303638618
"CD11c+_epithelial_tumor_med_dist",70,54,0.2458177,0.1463334,1.27866647852795,0.959838296314126,1.70339938465633,0.0929870646720972,0.8064303638618
"Vascular_endothelial_cells_M1_med_dist",75,59,0.1857149,0.1121772,1.20407894646988,0.966428186889007,1.50016952009546,0.0978129612700229,0.8064303638618
"HLADR+_assort",77,61,0.21189,0.1335619,1.23601191358824,0.951337445890201,1.60587124698167,0.112635946125163,0.8064303638618
"CD11c+_epithelial_region",77,61,-0.2261708,0.143143,0.797581883109179,0.602464872235441,1.0558903756556,0.114099156299077,0.8064303638618
"Unidentified_M1_med_dist",76,60,-0.2147074,0.1367097,0.806777477546562,0.617143599617749,1.05468143666976,0.116290754112796,0.8064303638618
"CD4+_T_cells_tumor_contact",77,61,0.2175615,0.1403227,1.24304185416667,0.944153982771058,1.63654772357697,0.121036775150626,0.8064303638618
"B_cells_tumor_med_dist",61,50,0.226427,0.146531,1.25411103094081,0.941041045888467,1.67133461903619,0.122285907150835,0.8064303638618
"CD56+CD45-_region",77,61,0.2483807,0.1609443,1.28194784103915,0.935134989657708,1.75738292901058,0.122765066600419,0.8064303638618
"M1_macrophages_prop",77,61,-0.2710496,0.1758058,0.7625786427667,0.540304338312177,1.07629375736737,0.123132948432396,0.8064303638618
"CD11b+_epithelial_M1_med_dist",58,44,0.2469663,0.1627874,1.2801360268942,0.93044613270249,1.76124999584093,0.129238986988895,0.8064303638618
"B_cells_M1_med_dist",60,49,0.2202361,0.1453569,1.24637099687823,0.937387930981244,1.65720147498924,0.129736700282187,0.8064303638618
"M2_macrophages_tumor_med_dist",36,28,0.2940164,0.1960859,1.34180590859878,0.913652496762499,1.97059943767507,0.133763095611914,0.8064303638618
"CD4+_T_cells_assort",77,61,-0.206718,0.1406934,0.813248922375909,0.617255581963055,1.07147481379142,0.141756886131646,0.8064303638618
"Unidentified_tumor_contact",77,61,-0.2216665,0.153417,0.801182537707283,0.593120116845675,1.08223181189806,0.148496615028162,0.8064303638618
"M1_macrophages_assort",77,61,-0.2187527,0.1527,0.803520427148603,0.595687497815649,1.0838654146891,0.151982074607243,0.8064303638618
"Dendritic_cells_M1_contact",77,61,0.1805867,0.1280649,1.19792003084075,0.932006245555445,1.53970255793111,0.158504417650687,0.8064303638618
"HLADR+_tumor_contact",77,61,0.1790382,0.1270127,1.19606648031247,0.932485109478665,1.53415321144041,0.158655210844263,0.8064303638618
"B_cells_region",77,61,0.2029899,0.1448515,1.22506006867066,0.922273056891022,1.62725362151471,0.161104980862842,0.8064303638618
"CD56+CD45-_prop",77,61,0.2265278,0.1620916,1.25423747639666,0.912866254406542,1.72326629405371,0.162254390308642,0.8064303638618
"Fibroblast_vascular_contact",77,61,-0.2085798,0.1493437,0.811736274059912,0.605749930514141,1.08776864087364,0.162521041810083,0.8064303638618
"Unidentified_assort",77,61,0.1783635,0.127842,1.19525971747546,0.930342821213591,1.53561220621438,0.162959314653747,0.8064303638618
"Dendritic_cells_M1_med_dist",28,24,-0.3061126,0.2202308,0.736303737536455,0.478185260831099,1.13375136859696,0.164540308504314,0.8064303638618
"Tumor_assort",77,61,0.1784216,0.1304672,1.19532915081106,0.925621920157512,1.54362353317599,0.17145016471337,0.8064303638618
"CD56+CD45-_assort",77,61,0.1699703,0.1317044,1.18526960221667,0.915609301158205,1.53434879720179,0.196861857608486,0.8064303638618
"Tumor_M1_contact",77,61,0.164142,0.1281628,1.17838168465146,0.916629121501165,1.51488029580375,0.200288076998533,0.8064303638618
"ATF6",77,61,0.1633296,0.1277858,1.17742466338085,0.916561653931383,1.51253200697539,0.201196038938063,0.8064303638618
"Other_immune_region",77,61,0.1736556,0.1359632,1.1896457851159,0.91135087923661,1.55292228963394,0.201522684025701,0.8064303638618
"Tumor_vascular_med_dist",76,60,0.1455863,0.1140946,1.15671758875292,0.924932063535406,1.44658795265037,0.201950524103282,0.8064303638618
"Non-leukocyte_derived_neural_cells_vascular_contact",77,61,-0.2125742,0.1668007,0.808500331588842,0.583041159612367,1.12114346543537,0.202514437943611,0.8064303638618
"CD163+_cells_tumor_contact",77,61,-0.1727272,0.1369976,0.841367103078077,0.643239929551896,1.10052030295312,0.207379106761989,0.8064303638618
"CD11b+_epithelial_region",77,61,0.2338216,0.1854703,1.26341908880564,0.878364533740552,1.81727259314633,0.207418612785402,0.8064303638618
"CD11b+_epithelial_tumor_med_dist",58,44,0.2113693,0.1692049,1.23536851500985,0.886684461843223,1.72117075865427,0.211594918604744,0.8064303638618
"M1_macrophages_tumor_med_dist",76,60,0.143488,0.1153005,1.15429291115643,0.920814328815361,1.446971537096,0.213326791554138,0.8064303638618
"Neuroepithelial_cells_region",77,61,-0.2495387,0.2047631,0.779160121547612,0.521593309757365,1.16391541772746,0.222969458376885,0.8064303638618
"CD8+_T_cells_region",77,61,0.1497702,0.1234399,1.16156729786712,0.911952288999004,1.4795056756262,0.22501345553732,0.8064303638618
"CD163+_cells_prop",77,61,-0.1885979,0.1563598,0.828119404152093,0.609535873332285,1.12508841158782,0.227748386393847,0.8064303638618
"M1_macrophages_tumor_contact",77,61,0.1415022,0.11736,1.15200306406852,0.915285592409421,1.44994204063644,0.227928987386892,0.8064303638618
"HLADR+_region",77,61,0.1519912,0.1271076,1.1641500273534,0.907433426010649,1.49349279775266,0.231786991922266,0.8064303638618
"Fibroblast_region",77,61,0.1565644,0.1316892,1.169486094174,0.903443493397885,1.51387190727602,0.234481702972085,0.8064303638618
"Neuroepithelial_cells_tumor_med_dist",51,38,-0.1998003,0.1690138,0.818894303165711,0.587980659883231,1.14049309018162,0.237144793349986,0.8064303638618
"M1_macrophages_region",77,61,-0.177095,0.1498613,0.83770019193473,0.624491430379732,1.12370094677004,0.237314261291951,0.8064303638618
"Neutrophils_region",77,61,-0.2503257,0.2125665,0.778547183418405,0.513272487214803,1.1809238404689,0.238942330033126,0.8064303638618
"NK/NKT_vascular_med_dist",56,46,0.1780517,0.1532473,1.19488711353065,0.884876310929793,1.6135082343671,0.245292741287622,0.809102746076862
"H3K14Ace",77,61,-0.1441263,0.1245567,0.865778372945387,0.678240703726445,1.1051713454259,0.247225839079041,0.809102746076862
"CD8+_T_cells_tumor_contact",77,61,-0.1469319,0.1281016,0.863352762177681,0.671657699663869,1.10975872432171,0.251383665840442,0.810430922709485
"Other_immune_assort",77,61,0.1373335,0.1221432,1.14721065160698,0.902972883322485,1.45751030121519,0.260858350695477,0.828608878679751
"Neuroepithelial_cells_M1_med_dist",51,38,-0.1790465,0.1645235,0.83606701217993,0.605617540839921,1.15420707248015,0.276474482221666,0.84580415719569
"Unidentified_vascular_med_dist",76,60,-0.1477075,0.1363399,0.862683405196634,0.660387277042891,1.12694881242136,0.278641183600475,0.84580415719569
"CBX2",77,61,-0.1521738,0.1411679,0.85883903600588,0.651252514949408,1.13259369113501,0.281050422069077,0.84580415719569
"M1_macrophages_vascular_med_dist",75,59,0.1337074,0.1242653,1.14305833662384,0.895970178165347,1.45828777873021,0.28193471906523,0.84580415719569
"Non-leukocyte_derived_neural_cells_prop",77,61,0.1842025,0.1728422,1.20225931094174,0.856790380951682,1.68702576835725,0.286547273250136,0.846210378080525
"CD11c+_epithelial_M1_contact",77,61,-0.1458456,0.1378075,0.864291100324143,0.659717681432784,1.13230117537122,0.289905407305365,0.846210378080525
"Unidentified_prop",77,61,0.1272125,0.1239053,1.13565834494533,0.890798134554563,1.44782507553059,0.304565806493267,0.860122016002495
"B_cells_assort",77,61,0.1519958,0.1500978,1.16415529212511,0.86745592346079,1.56233591532349,0.311229943681066,0.860122016002495
"CD11b_low_Neutrophils_M1_contact",77,61,-0.1343696,0.1361472,0.874266837842701,0.66950729431288,1.14164925497328,0.323670099255018,0.860122016002495
"M2_macrophages_prop",77,61,-0.1429165,0.1455613,0.86682644723129,0.651673572506201,1.15301298275752,0.326183605531388,0.860122016002495
"CD11b_low_Neutrophils_tumor_med_dist",71,56,0.139064,0.1423322,1.14919764222745,0.869443448953634,1.51896621049997,0.328550235089589,0.860122016002495
"Dendritic_cells_tumor_med_dist",29,25,-0.1859207,0.1903507,0.830339405525999,0.571779850981596,1.20581990985804,0.32870411533232,0.860122016002495
"DUSP1",77,61,-0.1255946,0.1297697,0.881972314749446,0.683903436013703,1.13740496541227,0.333130795214405,0.860122016002495
"Fibroblast_prop",77,61,0.1295178,0.1345368,1.13827935034958,0.874441888673799,1.48172210894119,0.335700952050062,0.860122016002495
"CD11c+_epithelial_tumor_contact",77,61,-0.1343513,0.1408961,0.874282915662099,0.663316794153729,1.1523462444424,0.340312360233697,0.860122016002495
"HLADR+_M1_contact",77,61,-0.1437574,0.151022,0.866097869103019,0.644194146991231,1.16444013403152,0.341149439613882,0.860122016002495
"Other_immune_vascular_med_dist",64,53,0.1265728,0.133485,1.13493210033995,0.873669559238634,1.4743227101841,0.343018851546813,0.860122016002495
"Monocytes_tumor_contact",77,61,0.1022468,0.1091775,1.10765678816045,0.89427924725599,1.37194680981646,0.349006154874497,0.860122016002495
"Other_immune_tumor_med_dist",64,53,0.1248056,0.1334001,1.13292820486027,0.872272092686709,1.47147470167766,0.349492938423761,0.860122016002495
"CD163+_cells_region",77,61,-0.1222603,0.1309312,0.884918009047467,0.684627226090523,1.14380476395631,0.350420080593609,0.860122016002495
"CD163+_cells_M1_med_dist",75,59,0.1292739,0.1442214,1.13800173191143,0.857790908515329,1.5097478056452,0.370062162056079,0.895341633586255
"CD4+_T_cells_M1_contact",77,61,-0.1211612,0.1360204,0.885891112810534,0.678577717847923,1.15654116413615,0.373059013994273,0.895341633586255
"CD4+_T_cells_region",77,61,-0.1404786,0.1646208,0.868942262973263,0.629311172450859,1.1998208349623,0.393467134739183,0.933943968172127
"M2_macrophages_M1_contact",77,61,-0.1155692,0.1372164,0.890858915611608,0.680785286990379,1.16575610943822,0.399653184668006,0.938316172698797
"CD56+CD45-_M1_med_dist",40,30,-0.1541183,0.1851167,0.857170608887133,0.596342289269406,1.23208007542126,0.405100539158169,0.939701085155907
"CD11b_low_Neutrophils_prop",77,61,0.1278864,0.1548724,1.13642394012601,0.838904881670808,1.53945864413065,0.408943990762293,0.939701085155907
"CD4+_T_cells_prop",77,61,-0.1140866,0.1407112,0.892180709420782,0.677141237910484,1.17551017970611,0.417488858698815,0.943108096416062
"Monocytes_region",77,61,0.1130239,0.1402003,1.11965873437092,0.850642209892667,1.47375202743733,0.420150460556288,0.943108096416062
"Tumor_region",77,61,0.103695,0.1327472,1.10926208669379,0.85514451480154,1.43889407658987,0.434716486627297,0.943108096416062
"CD11c_low_immune_assort",77,61,-0.1025653,0.1316972,0.902519257390217,0.697197123725613,1.16830804695166,0.436100026438922,0.943108096416062
"CD163+_cells_M1_contact",77,61,-0.1049247,0.1406851,0.900392353221445,0.683408641140595,1.18626886014581,0.455780716634917,0.943108096416062
"Unidentified_region",77,61,0.08030982,0.1079634,1.08362274441638,0.876959415611213,1.33898813481361,0.456960266038616,0.943108096416062
"Neuroepithelial_cells_assort",77,61,0.08757518,0.119585,1.09152432054123,0.863460524671213,1.37982606997194,0.463969715485567,0.943108096416062
"CD8+_T_cells_vascular_med_dist",70,57,-0.09156038,0.1268525,0.912506221493257,0.711637496365709,1.17007269644487,0.470425841810587,0.943108096416062
"Other_immune_tumor_contact",77,61,0.09928631,0.1386179,1.10438244458596,0.841642670626509,1.44914299913259,0.473831416231432,0.943108096416062
"CD4+_T_cells_vascular_med_dist",71,56,0.1040178,0.1454797,1.10962019786563,0.834337617934651,1.47572991681625,0.474609801929545,0.943108096416062
"Neuroepithelial_cells_vascular_contact",77,61,-0.07144166,0.1013902,0.931050592884602,0.763255159498676,1.13573448632845,0.48104633820773,0.943108096416062
"CD11c+_epithelial_assort",77,61,-0.1130828,0.1655705,0.893076670396299,0.645587211937639,1.23544259312742,0.49461361672419,0.943108096416062
"Lymphatic_endothelial_cells_tumor_contact",77,61,-0.08730458,0.130238,0.916397934776045,0.709945972108136,1.18288603338098,0.502637017865187,0.943108096416062
"Lymphatic_endothelial_cells_region",77,61,0.07462601,0.1128145,1.07748110820419,0.863737570540157,1.3441183736061,0.508296056338226,0.943108096416062
"CD4+_T_cells_tumor_med_dist",72,57,0.08517741,0.1299744,1.08891023140763,0.844029512102868,1.40483890084604,0.512249084617994,0.943108096416062
"Monocytes_M1_contact",77,61,-0.08349357,0.1288724,0.919897001259982,0.714566812835071,1.18422865115962,0.517063879092377,0.943108096416062
"NK/NKT_vascular_contact",77,61,-0.08754276,0.1365742,0.916179692504702,0.70101690383051,1.19738229473701,0.521528868794764,0.943108096416062
"Tumor_M1_med_dist",76,60,0.07462276,0.1177444,1.07747760607778,0.855429182695704,1.35716435104609,0.526231437384986,0.943108096416062
"Neuroepithelial_cells_vascular_med_dist",51,38,-0.099625,0.1574668,0.905176797003475,0.664809808070215,1.23245027959475,0.526947216962953,0.943108096416062
"Neutrophils_M1_med_dist",55,41,0.09361904,0.1496441,1.09814131777941,0.818994413529538,1.47243294202374,0.531569939941505,0.943108096416062
"Vascular_endothelial_cells_region",77,61,-0.08150459,0.1319204,0.921728475049105,0.71172491789066,1.19369627275979,0.536686284752012,0.943108096416062
"Non-leukocyte_derived_neural_cells_assort",77,61,-0.08523184,0.1386174,0.918299359299505,0.699830632269562,1.20496828004675,0.538639767954263,0.943108096416062
"Non-leukocyte_derived_neural_cells_tumor_med_dist",33,25,-0.1409002,0.2312347,0.868575958389843,0.552052666838209,1.36658011238978,0.54229991448032,0.943108096416062
"Fibroblast_M1_med_dist",74,58,-0.08153102,0.1338827,0.921704114845612,0.708974151160283,1.19826438514438,0.542541841755512,0.943108096416062
"CD163+_cells_assort",77,61,0.07381746,0.123186,1.07661026450548,0.845672817618951,1.37061241355972,0.549015772490185,0.943108096416062
"B_cells_prop",77,61,0.07773396,0.1307993,1.08083507428009,0.836417077484691,1.39667695607928,0.552311710045093,0.943108096416062
"CD56+CD45-_vascular_med_dist",41,31,0.1156902,0.1966084,1.1226480683635,0.763642815417649,1.65042957251029,0.556243816696385,0.943108096416062
"M2_macrophages_assort",77,61,-0.08956149,0.1524005,0.91433204310422,0.678235361973289,1.23261500641139,0.556752464388647,0.943108096416062
"CD11c_low_immune_tumor_med_dist",43,35,0.0892696,0.1561221,1.09337539569568,0.805152134124967,1.48477499499137,0.567461799396502,0.943108096416062
"NK/NKT_prop",77,61,-0.08078017,0.1414915,0.922396436262904,0.699004242589189,1.21718171906796,0.568054678070588,0.943108096416062
"CD56+CD45-_tumor_contact",77,61,-0.0893269,0.1578713,0.914546557701201,0.671159221805848,1.24619520827365,0.571515342820078,0.943108096416062
"CD8+_T_cells_prop",77,61,-0.07150536,0.1267688,0.93099128469168,0.726172536852472,1.19357966348974,0.572712463523429,0.943108096416062
"Neutrophils_assort",77,61,-0.08299497,0.1474256,0.920355778310245,0.689392938373662,1.2286965988763,0.573461000848616,0.943108096416062
"CD4+_T_cells_vascular_contact",77,61,-0.07580427,0.1353916,0.926997633039385,0.710940171107733,1.2087157915436,0.575555262049813,0.943108096416062
"CD163+_cells_vascular_contact",77,61,-0.07191834,0.1290333,0.930606890033827,0.722658120377065,1.1983940391157,0.57727982460603,0.943108096416062
"CD11c_low_immune_prop",77,61,-0.0676656,0.1216671,0.934572945803176,0.736291768103606,1.18625065342891,0.578105985439733,0.943108096416062
"Unidentified_tumor_med_dist",77,61,-0.0626785,0.1173681,0.939245396293836,0.746234263702958,1.18217824799629,0.593318294592865,0.943108096416062
"CD11c_low_immune_region",77,61,-0.06558506,0.1263884,0.936519384447748,0.731029216335546,1.1997722359756,0.603818912240596,0.943108096416062
"Lymphatic_endothelial_cells_vascular_contact",77,61,0.05519393,0.1087263,1.05674552676139,0.853930249174433,1.3077310581395,0.611705232286606,0.943108096416062
"Lymphatic_endothelial_cells_assort",77,61,0.0605062,0.1196091,1.06237418353932,0.840361282361782,1.34304010613014,0.612950670715723,0.943108096416062
"Neuroepithelial_cells_prop",77,61,-0.06514414,0.1299939,0.936932406399178,0.72620166678341,1.20881343890219,0.616278074624097,0.943108096416062
"Vascular_endothelial_cells_prop",77,61,-0.0613567,0.1232486,0.940487710378933,0.738658613396326,1.19746404811667,0.618604610510579,0.943108096416062
"CD11b_low_Neutrophils_tumor_contact",77,61,-0.06046574,0.1272897,0.94132601543042,0.733484431137893,1.20806199792335,0.63476932947503,0.943108096416062
"CD4+_T_cells_M1_med_dist",71,56,0.06684723,0.1441565,1.06913213371892,0.805981700013034,1.41820033796286,0.642853359189082,0.943108096416062
"Dendritic_cells_prop",77,61,0.05896691,0.1304597,1.0607401380026,0.821412811445192,1.36979801713848,0.651273918131524,0.943108096416062
"CD11c_low_immune_vascular_med_dist",43,35,0.07939599,0.1759961,1.08263295038768,0.766784074914869,1.52858430894677,0.651900490969447,0.943108096416062
"HLADR+_vascular_contact",77,61,-0.06806826,0.1519836,0.934196700669435,0.693537092153483,1.25836596977357,0.654249925923691,0.943108096416062
"CD11b+_epithelial_tumor_contact",77,61,-0.05959614,0.1331113,0.942144947475854,0.725793717153447,1.22298813158039,0.654357638721285,0.943108096416062
"CD8+_T_cells_vascular_contact",77,61,0.05539546,0.125457,1.0569585120026,0.826549224684084,1.35159681085147,0.658815427918891,0.943108096416062
"M1_macrophages_vascular_contact",77,61,-0.05335785,0.1224702,0.948040699668352,0.745727529007556,1.20524069886999,0.663068697210533,0.943108096416062
"M2_macrophages_vascular_contact",77,61,0.06296851,0.1459702,1.06499330356021,0.800012655931137,1.41774099224464,0.666192554169138,0.943108096416062
"Lymphatic_endothelial_cells_tumor_med_dist",30,25,0.07846524,0.1844859,1.08162575562134,0.753429045071952,1.55278626816371,0.670604576940513,0.943108096416062
"HLADR+_tumor_med_dist",51,41,0.07253067,0.1731008,1.07522578643408,0.765871716575956,1.509535431053,0.675210001375543,0.943108096416062
"CD11c_low_immune_M1_contact",77,61,0.05322122,0.1276842,1.05466293155317,0.821161731006267,1.35456129674878,0.67681067288891,0.943108096416062
"CD11c+_epithelial_vascular_contact",77,61,0.05171533,0.1241353,1.05307591867666,0.825649141091382,1.34314787638585,0.676967665784634,0.943108096416062
"Fibroblast_M1_contact",77,61,-0.05046415,0.1214669,0.95078801207238,0.749360671613558,1.20635880443795,0.677808087642463,0.943108096416062
"CD8+_T_cells_M1_med_dist",70,57,-0.05259365,0.127561,0.948765461994657,0.738888239422802,1.21825717861893,0.680118074816673,0.943108096416062
"Neutrophils_vascular_contact",77,61,0.0524734,0.1274858,1.0538745330779,0.82086693908924,1.35302261375326,0.680631299333633,0.943108096416062
"Neutrophils_tumor_med_dist",56,42,0.06089714,0.1594783,1.06278959220485,0.777497752132877,1.45276525134688,0.702570935439122,0.943108096416062
"CD8+_T_cells_tumor_med_dist",71,58,-0.04617967,0.122304,0.954870387674745,0.751344423662037,1.21352794875902,0.70574188791253,0.943108096416062
"CD11b_low_Neutrophils_vascular_contact",77,61,-0.05062813,0.1366508,0.950632114523703,0.727269080690119,1.24259567903845,0.711015336370289,0.943108096416062
"Lymphatic_endothelial_cells_M1_med_dist",30,25,-0.06260164,0.1697895,0.939317586907274,0.673422043695682,1.31019995162502,0.712350328529672,0.943108096416062
"Unidentified_vascular_contact",77,61,0.04807783,0.130478,1.04925231918968,0.812487868178254,1.35501152994863,0.712519299683884,0.943108096416062
"CD11c_low_immune_M1_med_dist",43,35,-0.06001252,0.1644411,0.941752741649591,0.682282763850036,1.29989833159476,0.715149853747221,0.943108096416062
"Non-leukocyte_derived_neural_cells_tumor_contact",77,61,0.05356108,0.1470407,1.05502142855926,0.790860766072185,1.40741615018694,0.715663653989965,0.943108096416062
"Non-leukocyte_derived_neural_cells_vascular_med_dist",33,25,-0.0813979,0.2237457,0.921826822305653,0.594561281558758,1.42922978114941,0.716010025132183,0.943108096416062
"Neutrophils_prop",77,61,-0.07644146,0.2109971,0.926407141644066,0.61263363642064,1.40088650225509,0.717137723776642,0.943108096416062
"M2_macrophages_tumor_contact",77,61,0.06362899,0.176471,1.06569694012579,0.754086817415413,1.50607322918872,0.718425800310783,0.943108096416062
"M2_macrophages_vascular_med_dist",36,28,-0.0669899,0.18655,0.935204647522841,0.648806238650513,1.34802608336114,0.719521091781942,0.943108096416062
"Dendritic_cells_assort",77,61,-0.05383293,0.1509616,0.947590406056968,0.704890965161635,1.27385315180669,0.721391080496742,0.943108096416062
"CD56+CD45-_M1_contact",77,61,-0.04436415,0.1269728,0.956605545323855,0.745853306646286,1.22690904657788,0.726789969380072,0.943108096416062
"Dendritic_cells_vascular_med_dist",29,25,0.07684513,0.2223412,1.07987482441262,0.698419352338688,1.66966970845718,0.729629753529175,0.943108096416062
"CD11b+_epithelial_M1_contact",77,61,-0.04261058,0.1241556,0.958284494975849,0.751299384239614,1.22229459064516,0.731445705025038,0.943108096416062
"Vascular_endothelial_cells_M1_contact",77,61,-0.04096517,0.1203316,0.959862560685002,0.758197905804118,1.21516576127658,0.733528519434715,0.943108096416062
"Vascular_endothelial_cells_assort",77,61,-0.04617117,0.1461362,0.954878501993545,0.717062047325161,1.27156772132994,0.752043421401953,0.953889276514482
"B_cells_tumor_contact",77,61,0.04454608,0.1454313,1.04555315032599,0.786239403346588,1.39039252612312,0.759373715687132,0.953889276514482
"Tumor_vascular_contact",77,61,-0.03899561,0.1277762,0.961754926682783,0.748688372725782,1.23545733137409,0.760223924166106,0.953889276514482
"CD11b_low_Neutrophils_M1_med_dist",71,56,0.0459665,0.1513516,1.04703933244299,0.778273548187471,1.40861958656545,0.761351357643143,0.953889276514482
"Fibroblast_tumor_contact",77,61,-0.03735388,0.1257664,0.963335174595029,0.752878382560602,1.23262226690024,0.766458972650815,0.953889276514482
"NK/NKT_tumor_contact",77,61,0.03845856,0.1318763,1.03920766621569,0.802507314374272,1.34572302853528,0.770572626278765,0.953889276514482
"M2_macrophages_M1_med_dist",36,28,0.05349562,0.1853117,1.054952372044,0.733660653299327,1.51694724567328,0.772826960139048,0.953889276514482
"M2_macrophages_region",77,61,-0.04995343,0.1821254,0.951273728797453,0.665702312285103,1.35934890175454,0.783869177253981,0.957145062822209
"HLADR+_M1_med_dist",50,40,0.0520645,0.1902356,1.05344368267594,0.72557535372033,1.52946704553804,0.784327204257088,0.957145062822209
"Fibroblast_assort",77,61,0.03463771,0.1304855,1.03524458118297,0.801629185290699,1.33694152175865,0.790660831491915,0.959453593271088
"CD163+_cells_vascular_med_dist",75,59,-0.03389643,0.1338737,0.966671618986665,0.743576116076506,1.25670257388708,0.800115993066832,0.961633152066457
"HLADR+_prop",77,61,0.0325623,0.1309584,1.03309824987572,0.799226087363517,1.33540685266801,0.803634506980794,0.961633152066457
"Age",77,61,0.002722703,0.01142599,1.00272641254257,0.980520394650716,1.02543533402858,0.81165599978711,0.961633152066457
"Dendritic_cells_region",77,61,0.03085586,0.1297728,1.03133683299257,0.799719578506118,1.33003579213862,0.812060801073247,0.961633152066457
"Other_immune_vascular_contact",77,61,-0.02938905,0.1254092,0.971038609709745,0.759430421157473,1.24160944212625,0.814716976056304,0.961633152066457
"CD11c_low_immune_tumor_contact",77,61,-0.0263846,0.1208293,0.973960429650849,0.768583762996612,1.23421670375549,0.827146619913162,0.964521189854331
"CD11b+_epithelial_assort",77,61,0.032642,0.1521104,1.03318059728178,0.766830915671831,1.39204370192132,0.830083778030537,0.964521189854331
"NK/NKT_M1_contact",77,61,-0.0261988,0.1224337,0.974141410188943,0.766313049090297,1.23833397874592,0.830559913485674,0.964521189854331
"CD11b_low_Neutrophils_assort",77,61,-0.02894553,0.1414303,0.971469381944749,0.736280777112667,1.28178378329671,0.837835509284338,0.967767219280305
"Neutrophils_tumor_contact",77,61,0.02007943,0.1118351,1.02028237275954,0.819456929831785,1.27032438468428,0.857509904178144,0.980061057523199
"Lymphatic_endothelial_cells_M1_contact",77,61,-0.02204673,0.1311636,0.978194526050763,0.756447057643424,1.26494580305014,0.866515888496809,0.980061057523199
"CD11c_low_immune_vascular_contact",77,61,0.02400668,0.1476196,1.02429716175764,0.766958577704236,1.36798088721469,0.870813496225603,0.980061057523199
"Lymphatic_endothelial_cells_prop",77,61,0.02114421,0.1327963,1.02136932907679,0.78731106658009,1.32501034300227,0.873493340400831,0.980061057523199
"Monocytes_prop",77,61,-0.0186574,0.1203223,0.981515571468975,0.775315811957494,1.2425553589624,0.87677257488551,0.980061057523199
"Non-leukocyte_derived_neural_cells_region",77,61,-0.01909029,0.1257699,0.981090780426002,0.766749819012782,1.25534965326266,0.879354604112487,0.980061057523199
"Fibroblast_vascular_med_dist",74,58,0.01915688,0.1271489,1.0193415521734,0.794493581069468,1.30782327855765,0.880240023886577,0.980061057523199
"HLADR+_vascular_med_dist",51,41,0.02502574,0.1794637,1.02534151333741,0.721288063810851,1.45756636179237,0.889096655292559,0.983149343230011
"Monocytes_tumor_med_dist",61,50,-0.01837689,0.1354968,0.981790938665206,0.752807433470422,1.28042498571181,0.89211699663464,0.983149343230011
"Fibroblast_tumor_med_dist",75,59,0.01341839,0.1326111,1.01350881989467,0.781535636662049,1.31433562312202,0.919402776172851,0.995319228412589
"CD11b_low_Neutrophils_vascular_med_dist",70,55,0.01412058,0.1421407,1.01422074915697,0.767612552999175,1.34005589669094,0.920866526833231,0.995319228412589
"Monocytes_M1_med_dist",61,50,0.01194362,0.1296115,1.01201522643142,0.784985295726821,1.30470573666065,0.926579383335349,0.995319228412589
"Dendritic_cells_tumor_contact",77,61,-0.01154966,0.1513908,0.988516781910045,0.734716769969224,1.32998928030284,0.939188096562987,0.995319228412589
"CD8+_T_cells_M1_contact",77,61,-0.009651009,0.1290741,0.990395412361927,0.769025101493401,1.27548901969875,0.940396873323557,0.995319228412589
"Other_immune_prop",77,61,-0.008685644,0.1194845,0.991351967322891,0.784372764071128,1.25294855728296,0.942050691191111,0.995319228412589
"CD56+CD45-_tumor_med_dist",41,31,-0.01390551,0.1927055,0.986190729589851,0.675973516150532,1.43877257302545,0.942475093064431,0.995319228412589
"Neuroepithelial_cells_M1_contact",77,61,-0.007318421,0.1089277,0.992708293032055,0.80186676978943,1.22896944003977,0.946433598396279,0.995319228412589
"NK/NKT_assort",77,61,-0.0076508,0.1287639,0.992378393208855,0.771033565735169,1.27726589226862,0.952619749760594,0.995319228412589
"NK/NKT_region",77,61,-0.006487614,0.1336219,0.993533385509776,0.764615918434591,1.29098618577473,0.961276291811387,0.995319228412589
"BRCA_Mutation",53,44,-0.01387689,0.3248354,0.986218949559076,0.521762646948582,1.8641192928578,0.965924922572059,0.995319228412589
"Monocytes_vascular_contact",77,61,-0.004718752,0.1134146,0.99529236395404,0.796915034981139,1.24305207740078,0.966812610628768,0.995319228412589
"Neutrophils_vascular_med_dist",55,41,-0.006546255,0.1574432,0.993475124921287,0.729694615298164,1.35261080888485,0.966834687976432,0.995319228412589
"CD11b_low_Neutrophils_region",77,61,-0.004804753,0.1468384,0.99520677088415,0.746318558827934,1.32709619116145,0.973896784628215,0.995319228412589
"Lymphatic_endothelial_cells_vascular_med_dist",29,24,0.004809415,0.1981379,1.00482099907666,0.681449035633452,1.48164453596572,0.980634797202045,0.995319228412589
"CD56+CD45-_vascular_contact",77,61,-0.003054709,0.1280334,0.996949951999446,0.775695288441034,1.28131396645353,0.980965323249407,0.995319228412589
"Tumor_prop",77,61,0.00295221,0.135023,1.00295657176263,0.769751205027775,1.30681430346776,0.982556041617289,0.995319228412589
"Other_immune_M1_med_dist",63,52,0.001863611,0.1390444,1.00186534905221,0.762876998065746,1.31572216776288,0.989306279617599,0.995319228412589
"CD11c+_epithelial_vascular_med_dist",69,53,0.001477156,0.126882,1.00147824706199,0.780978984534413,1.28423260958332,0.99071126902179,0.995319228412589
"Vascular_endothelial_cells_tumor_contact",77,61,-3.414047e-05,0.1274717,0.999965860115045,0.778898892975235,1.2837760207568,0.999786304276626,0.999786304276626
